id, mean, totalTime(ms)
10, 91742.067797, 6557088
11, 44896.239130, 4390285
12, 48464.340909, 2374891
13, 32961.000000, 353480
