id, mean, totalTime(us)
20, 49624.618421, 5115585
21, 46356.078431, 4623800
22, 50078.923077, 2903088
23, 68049.260870, 1992139
