id, mean, totalTime(us)
30, 51191.051724, 6364630
31, 46729.132353, 3514761
32, 49066.950820, 3320192
33, 54419.133333, 1644283
